{
  "average_reward": 0.2895112400053358,
  "cumulative_reward": [
    0.30454576274556344,
    0.6301688719340365,
    0.9449950619553138,
    1.2800558337404881,
    1.5062615308448257,
    1.7963440052779949,
    2.1014917050739177,
    2.385692509150012,
    2.686844623339185,
    2.9377340842303488,
    3.2546640718694637,
    3.5485398476552295,
    3.848403088700257,
    4.194690055077673,
    4.380804637324292,
    4.6497272922033055,
    4.9559048773852945,
    5.230008008366955,
    5.552010155185067,
    5.810725783447229,
    6.097869798326779,
    6.455090790423441,
    6.719824369158696,
    6.996981976048907,
    7.224499322312951,
    7.477198686194848,
    7.7857495341974765,
    8.058034388276909,
    8.376722604837067,
    8.61261701249641,
    8.928889260679648,
    9.251016519651294,
    9.544699810862706,
    9.825708831476444,
    10.141591835366835,
    10.4073748283137,
    10.740777563147427,
    11.07881530912727,
    11.379416304965392,
    11.636217755633844,
    11.942011402852245,
    12.254101646445378,
    12.582146396059954,
    12.826305444699477,
    13.084578963982114,
    13.386989681542289,
    13.718686500917332,
    13.996457836297797,
    14.253472845928101,
    14.475562000266788
  ],
  "action_distribution": {
    "0": 3,
    "1": 6,
    "2": 38,
    "3": 3
  }
}